<?xml version="1.0" ?>
<data>
<bokses>
<point x="18.0" y="25.0" />
<point x="20.5" y="100.0" />
<point x="21.5" y="100.0" />
<point x="22.5" y="100.0" />
<point x="23.5" y="100.0" />
<point x="24.5" y="100.0" />
<point x="25.5" y="100.0" />
<point x="26.5" y="100.0" />
<point x="32.0" y="175.0" />
<point x="33.0" y="175.0" />
<point x="18.0" y="75.0" />
<point x="18.0" y="125.0" />
<point x="18.0" y="175.0" />
<point x="17.0" y="75.0" />
<point x="16.0" y="75.0" />
<point x="15.0" y="75.0" />
<point x="14.0" y="75.0" />
<point x="13.0" y="75.0" />
<point x="12.0" y="75.0" />
<point x="11.0" y="75.0" />
<point x="30.0" y="175.0" />
<point x="31.0" y="175.0" />
<point x="34.0" y="125.0" />
<point x="35.0" y="125.0" />
<point x="36.0" y="125.0" />
<point x="37.0" y="125.0" />
<point x="38.0" y="125.0" />
<point x="39.0" y="125.0" />
<point x="40.0" y="125.0" />
<point x="41.0" y="125.0" />
<point x="42.0" y="125.0" />
<point x="27.5" y="100.0" />
<point x="28.5" y="100.0" />
<point x="29.5" y="100.0" />
<point x="55.0" y="125.0" />
<point x="55.0" y="175.0" />
<point x="55.0" y="225.0" />
<point x="46.5" y="125.0" />
<point x="45.5" y="125.0" />
<point x="54.0" y="125.0" />
<point x="53.0" y="125.0" />
<point x="52.0" y="125.0" />
<point x="51.0" y="125.0" />
<point x="50.0" y="125.0" />
<point x="47.5" y="100.0" />
<point x="49.0" y="100.0" />
<point x="55.0" y="275.0" />
<point x="56.0" y="125.0" />
<point x="57.0" y="125.0" />
<point x="58.0" y="125.0" />
<point x="58.0" y="175.0" />
<point x="58.0" y="225.0" />
<point x="58.0" y="275.0" />
<point x="55.0" y="325.0" />
<point x="56.0" y="325.0" />
<point x="57.0" y="325.0" />
<point x="58.0" y="325.0" />
<point x="55.0" y="375.0" />
<point x="56.0" y="425.0" />
<point x="57.0" y="425.0" />
<point x="58.0" y="375.0" />
<point x="55.0" y="425.0" />
<point x="55.0" y="475.0" />
<point x="58.0" y="425.0" />
<point x="58.0" y="475.0" />
<point x="56.5" y="175.0" />
<point x="61.0" y="25.0" />
<point x="62.5" y="75.0" />
<point x="63.5" y="75.0" />
<point x="64.5" y="75.0" />
<point x="65.5" y="75.0" />
<point x="66.5" y="75.0" />
<point x="67.5" y="75.0" />
<point x="68.5" y="75.0" />
<point x="69.5" y="75.0" />
<point x="70.5" y="75.0" />
<point x="71.5" y="75.0" />
<point x="18.0" y="300.0" />
<point x="72.5" y="75.0" />
<point x="75.5" y="75.0" />
<point x="73.5" y="75.0" />
<point x="74.5" y="75.0" />
<point x="76.5" y="75.0" />
<point x="69.0" y="200.0" />
<point x="69.0" y="300.0" />
<point x="77.5" y="75.0" />
<point x="78.5" y="75.0" />
<point x="81.5" y="100.0" />
<point x="72.0" y="200.0" />
<point x="73.0" y="200.0" />
<point x="86.0" y="25.0" />
<point x="92.5" y="75.0" />
<point x="93.5" y="75.0" />
<point x="94.5" y="75.0" />
<point x="95.5" y="75.0" />
<point x="96.5" y="75.0" />
</bokses>
<trians>
<point x="17.0" y="125.0" />
<point x="29.0" y="150.0" />
<point x="28.0" y="150.0" />
<point x="41.0" y="175.0" />
<point x="42.0" y="175.0" />
<point x="47.5" y="150.0" />
<point x="49.0" y="150.0" />
<point x="55.0" y="525.0" />
<point x="58.0" y="525.0" />
<point x="57.0" y="375.0" />
<point x="56.0" y="375.0" />
<point x="56.5" y="225.0" />
<point x="61.0" y="75.0" />
<point x="66.5" y="125.0" />
<point x="69.0" y="250.0" />
<point x="86.0" y="75.0" />
</trians>
</data>
