{
    "__comment": "Fair warning, this format is highly likely to change even more in the future!",
    "useAmbientOcclusion": false,
    "inventoryRender3D": true,
    "elements": [
        {   "__comment": "Bomby thingy",
            "type": "cube",
            "from": [ 3, 0, 3 ],
            "to": [ 13, 10, 13 ],
            "faceData": {
                "down":  { "uv": [ 0,  0, 10, 10 ], "textureFacing": "west", "cull": false },
                "up":    { "uv": [ 0,  0, 10, 10 ], "textureFacing": "west", "cull": false },
                "north": { "uv": [ 0,  0, 10, 10 ], "textureFacing": "west", "cull": false },
                "south": { "uv": [ 0,  0, 10, 10 ], "textureFacing": "west", "cull": false },
                "west":  { "uv": [ 0,  0, 10, 10 ], "textureFacing": "west", "cull": false },
                "east":  { "uv": [ 0,  0, 10, 10 ], "textureFacing": "west", "cull": false }
            }
        },
        {
            "__comment": "Ring around fuse",
            "type": "cube",
            "from": [ 7, 10, 7 ],
            "to": [ 10, 11, 10 ],
            "faceData": {
                "down":  { "uv": [ 0,  0,  0,  0 ], "textureFacing": "west", "cull": true },
                "up":    { "uv": [10,  0, 13,  3 ], "textureFacing": "west", "cull": false },
                "north": { "uv": [10,  0, 13,  1 ], "textureFacing": "west", "cull": false },
                "south": { "uv": [10,  0, 13,  1 ], "textureFacing": "west", "cull": false },
                "west":  { "uv": [10,  0, 13,  1 ], "textureFacing": "west", "cull": false },
                "east":  { "uv": [10,  0, 13,  1 ], "textureFacing": "west", "cull": false }
            }
        },
        {
            "__comment": "Lower Fuse",
            "type": "cube",
            "from": [ 8, 11, 8 ],
            "to": [ 9, 14, 9 ],
            "faceData": {
                "down":  { "uv": [ 0,  0,  0,  0 ], "textureFacing": "west", "cull": true },
                "up":    { "uv": [10,  3, 11,  4 ], "textureFacing": "west", "cull": false },
                "north": { "uv": [10,  4, 11,  7 ], "textureFacing": "west", "cull": false },
                "south": { "uv": [11,  4, 12,  7 ], "textureFacing": "west", "cull": false },
                "west":  { "uv": [12,  4, 13,  7 ], "textureFacing": "west", "cull": false },
                "east":  { "uv": [13,  4, 14,  7 ], "textureFacing": "west", "cull": false }
            }
        },
        {
            "__comment": "Middle Fuse",
            "type": "cube",
            "from": [ 7, 14, 7 ],
            "to": [ 8, 15, 8 ],
            "faceData": {
                "down":  { "uv": [10,  3, 11,  4 ], "textureFacing": "west", "cull": true },
                "up":    { "uv": [10,  4, 11,  4 ], "textureFacing": "west", "cull": false },
                "north": { "uv": [10,  5, 11,  5 ], "textureFacing": "west", "cull": false },
                "south": { "uv": [10,  6, 11,  6 ], "textureFacing": "west", "cull": false },
                "west":  { "uv": [10,  7, 11,  7 ], "textureFacing": "west", "cull": false },
                "east":  { "uv": [10,  8, 11,  8 ], "textureFacing": "west", "cull": false }
            }
        },
        {
            "__comment": "Upper Fuse 1",
            "type": "cube",
            "from": [ 6, 15, 6 ],
            "to": [ 7, 16, 7 ],
            "faceData": {
                "down":  { "uv": [11,  3, 12,  4 ], "textureFacing": "west", "cull": true },
                "up":    { "uv": [11,  4, 12,  4 ], "textureFacing": "west", "cull": false },
                "north": { "uv": [11,  5, 12,  5 ], "textureFacing": "west", "cull": false },
                "south": { "uv": [11,  6, 12,  6 ], "textureFacing": "west", "cull": false },
                "west":  { "uv": [11,  7, 12,  7 ], "textureFacing": "west", "cull": false },
                "east":  { "uv": [11,  8, 12,  8 ], "textureFacing": "west", "cull": false }
            }
        },
        {
            "__comment": "Upper Fuse 1",
            "type": "cube",
            "from": [ 5, 15, 5 ],
            "to": [ 6, 16, 6 ],
            "faceData": {
                "down":  { "uv": [12,  3, 13,  4 ], "textureFacing": "west", "cull": true },
                "up":    { "uv": [12,  4, 13,  4 ], "textureFacing": "west", "cull": false },
                "north": { "uv": [12,  5, 13,  5 ], "textureFacing": "west", "cull": false },
                "south": { "uv": [12,  6, 13,  6 ], "textureFacing": "west", "cull": false },
                "west":  { "uv": [12,  7, 13,  7 ], "textureFacing": "west", "cull": false },
                "east":  { "uv": [12,  8, 13,  8 ], "textureFacing": "west", "cull": false }
            }
        }
    ]
}
